pre_idx,post_idx,syn_count,sign
0,84,18,1
0,32,6,1
0,194,7,1
0,71,7,1
0,68,13,1
0,171,6,1
0,107,15,1
0,47,5,1
0,58,11,1
0,119,8,1
0,152,11,1
0,222,11,1
0,142,11,1
0,168,7,1
0,133,5,1
0,104,5,1
0,70,5,1
0,130,36,1
1,32,14,1
1,177,12,1
1,58,31,1
1,165,5,1
1,160,7,1
1,79,11,1
1,174,6,1
1,152,9,1
1,3,11,1
1,5,13,1
1,2,7,1
1,133,7,1
1,130,13,1
2,32,9,1
2,68,5,1
2,171,6,1
2,177,6,1
2,58,32,1
2,1,5,1
2,165,5,1
2,115,5,1
2,79,5,1
2,174,9,1
2,152,7,1
2,3,6,1
2,5,9,1
2,133,8,1
2,130,7,1
3,32,21,1
3,58,32,1
3,1,13,1
3,165,7,1
3,115,6,1
3,160,5,1
3,79,9,1
3,174,13,1
3,152,10,1
3,168,6,1
3,5,15,1
3,2,6,1
3,133,8,1
3,52,5,1
3,130,11,1
4,32,14,1
4,177,6,1
4,58,38,1
4,165,9,1
4,160,9,1
4,119,5,1
4,174,6,1
4,152,8,1
4,3,7,1
4,5,14,1
4,52,5,1
4,130,13,1
5,32,22,1
5,68,11,1
5,177,6,1
5,58,33,1
5,1,9,1
5,165,6,1
5,160,5,1
5,79,5,1
5,174,12,1
5,152,10,1
5,3,11,1
5,2,12,1
5,133,6,1
5,70,5,1
5,130,7,1
6,66,6,1
6,96,5,1
6,68,7,1
6,39,10,1
6,171,10,1
6,107,12,1
6,177,15,1
6,58,47,1
6,165,22,1
6,212,9,1
6,42,6,1
6,119,19,1
6,174,11,1
6,222,18,1
6,142,6,1
6,41,13,1
6,216,15,1
6,130,33,1
7,58,23,1
7,163,5,1
7,174,5,1
7,152,12,1
7,130,16,1
8,151,5,-1
8,64,7,-1
8,94,6,-1
8,125,5,-1
8,122,13,-1
8,184,7,-1
8,67,12,-1
9,177,5,0
9,165,5,0
9,81,12,0
9,49,16,0
9,67,19,0
9,70,6,0
10,87,7,1
10,165,8,1
10,81,11,1
10,54,5,1
10,49,28,1
10,90,5,1
10,119,7,1
10,184,8,1
10,60,5,1
10,67,16,1
10,216,5,1
11,12,10,1
11,14,16,1
11,165,5,1
11,81,16,1
11,125,6,1
11,49,43,1
11,44,8,1
11,35,7,1
11,33,8,1
11,67,9,1
12,14,6,0
12,81,7,0
12,125,6,0
12,49,35,0
12,33,5,0
12,67,8,0
12,11,5,0
13,125,6,0
13,49,17,0
13,67,8,0
14,12,7,1
14,177,5,1
14,165,7,1
14,81,12,1
14,49,31,1
14,122,5,1
14,109,5,1
14,33,11,1
14,67,13,1
14,11,9,1
14,216,5,1
15,12,6,0
15,81,9,0
15,125,10,0
15,49,24,0
15,33,6,0
15,67,5,0
16,236,7,1
16,118,9,1
16,170,5,1
16,37,9,1
16,120,20,1
16,57,19,1
16,234,22,1
16,74,6,1
16,237,14,1
16,232,11,1
16,62,10,1
16,138,6,1
16,235,34,1
17,118,20,1
17,127,5,1
17,106,5,1
17,120,20,1
17,57,25,1
17,92,7,1
17,234,21,1
17,237,15,1
17,232,34,1
17,62,13,1
17,235,40,1
18,118,28,1
18,170,5,1
18,37,15,1
18,127,6,1
18,106,11,1
18,120,20,1
18,57,32,1
18,92,27,1
18,234,25,1
18,237,27,1
18,232,37,1
18,62,41,1
18,235,54,1
19,118,15,1
19,37,9,1
19,106,8,1
19,120,14,1
19,57,22,1
19,92,6,1
19,234,31,1
19,237,5,1
19,232,19,1
19,62,13,1
19,146,5,1
19,193,5,1
19,235,52,1
20,118,25,1
20,37,10,1
20,120,23,1
20,57,29,1
20,92,8,1
20,234,33,1
20,74,5,1
20,237,9,1
20,232,32,1
20,197,6,1
20,62,13,1
20,146,8,1
20,200,10,1
20,235,55,1
21,118,18,1
21,37,8,1
21,120,19,1
21,57,29,1
21,92,18,1
21,234,16,1
21,232,22,1
21,62,16,1
21,235,54,1
21,140,8,1
22,95,6,1
22,118,11,1
22,114,8,1
22,37,12,1
22,106,10,1
22,120,12,1
22,57,39,1
22,92,16,1
22,234,21,1
22,237,41,1
22,232,25,1
22,189,6,1
22,235,38,1
23,118,9,1
23,170,5,1
23,106,11,1
23,120,19,1
23,57,29,1
23,186,10,1
23,92,12,1
23,234,6,1
23,237,46,1
23,232,37,1
23,235,43,1
24,118,5,1
24,40,26,1
24,93,6,1
24,38,17,1
24,239,41,1
24,51,20,1
24,34,6,1
24,167,11,1
24,233,34,1
24,103,19,1
24,238,32,1
24,144,7,1
24,241,18,1
24,147,6,1
24,240,6,1
24,83,6,1
24,46,11,1
25,202,5,1
25,40,10,1
25,38,12,1
25,239,44,1
25,51,26,1
25,34,8,1
25,167,17,1
25,233,43,1
25,103,17,1
25,238,24,1
25,241,8,1
25,46,16,1
26,40,18,1
26,93,10,1
26,28,5,1
26,239,59,1
26,51,13,1
26,34,5,1
26,167,18,1
26,233,33,1
26,103,17,1
26,238,5,1
26,241,41,1
26,240,6,1
27,40,9,1
27,38,8,1
27,239,37,1
27,51,13,1
27,167,10,1
27,233,39,1
27,103,19,1
27,238,18,1
27,241,12,1
27,46,5,1
28,98,8,1
28,40,23,1
28,93,10,1
28,63,6,1
28,38,15,1
28,239,84,1
28,51,21,1
28,34,12,1
28,167,14,1
28,233,37,1
28,103,24,1
28,238,23,1
28,144,5,1
28,241,23,1
28,83,10,1
28,46,20,1
29,40,17,1
29,93,7,1
29,38,5,1
29,239,69,1
29,51,19,1
29,167,9,1
29,233,24,1
29,103,29,1
29,238,22,1
29,241,45,1
30,128,10,1
30,38,7,1
30,239,62,1
30,51,28,1
30,34,6,1
30,167,7,1
30,233,32,1
30,103,17,1
30,238,38,1
30,46,15,1
31,93,5,1
31,38,9,1
31,239,55,1
31,51,16,1
31,34,7,1
31,167,14,1
31,233,35,1
31,103,16,1
31,238,23,1
31,241,18,1
31,147,7,1
32,166,55,1
32,65,25,1
32,68,20,1
32,107,5,1
32,253,217,1
32,252,268,1
32,187,41,1
32,79,10,1
32,188,13,1
32,53,35,1
32,255,12,1
32,91,6,1
32,231,20,1
32,133,49,1
32,70,13,1
33,123,5,1
33,99,29,1
33,254,221,1
33,151,26,1
33,68,9,1
33,117,44,1
33,253,25,1
33,191,5,1
33,35,5,1
33,255,133,1
33,217,53,1
33,102,38,1
33,70,20,1
34,236,111,1
34,98,6,1
34,118,28,1
34,37,26,1
34,106,53,1
34,57,28,1
34,74,8,1
34,232,73,1
34,62,19,1
34,138,26,1
34,235,31,1
35,68,17,-1
35,36,18,-1
35,9,11,-1
35,81,103,-1
35,54,11,-1
35,49,8,-1
35,174,5,-1
35,121,11,-1
35,184,32,-1
35,33,37,-1
35,217,6,-1
35,97,18,-1
35,70,40,-1
36,123,98,-1
36,254,7,-1
36,32,6,-1
36,253,33,-1
36,252,69,-1
36,115,9,-1
36,79,15,-1
36,122,5,-1
36,255,12,-1
36,133,33,-1
37,145,99,1
37,127,7,1
37,250,164,1
37,149,477,1
37,245,24,1
37,244,18,1
37,176,82,1
37,45,5,1
37,134,8,1
37,75,18,1
37,251,105,1
37,193,7,1
37,243,21,1
38,128,5,1
38,245,10,1
38,161,10,1
38,244,17,1
38,155,420,1
38,210,98,1
38,113,30,1
38,243,19,1
38,242,11,1
38,201,27,1
38,248,159,1
38,249,97,1
39,253,138,1
39,255,57,1
39,116,5,1
39,231,9,1
40,198,8,-1
40,95,18,-1
40,37,159,-1
40,92,7,-1
40,234,14,-1
40,74,121,-1
40,62,172,-1
40,138,7,-1
40,200,5,-1
40,193,6,-1
40,235,35,-1
40,140,215,-1
40,46,5,-1
40,105,94,-1
41,254,49,-1
41,32,235,-1
41,65,59,-1
41,143,16,-1
41,36,5,-1
41,69,50,-1
41,252,36,-1
41,165,5,-1
41,81,6,-1
41,160,6,-1
41,174,8,-1
41,191,104,-1
41,188,199,-1
41,121,26,-1
41,184,7,-1
41,33,187,-1
41,91,53,-1
41,67,84,-1
41,130,43,-1
42,132,17,-1
42,181,14,-1
42,139,30,-1
42,43,15,-1
42,225,27,-1
42,161,78,-1
42,75,90,-1
42,48,49,-1
43,132,41,1
43,55,9,1
43,250,61,1
43,82,16,1
43,225,131,1
43,108,7,1
43,173,5,1
43,61,28,1
43,251,5,1
43,162,45,1
43,196,10,1
43,226,15,1
43,154,45,1
43,102,135,1
44,132,22,-1
44,43,7,-1
44,82,32,-1
44,220,12,-1
44,45,66,-1
44,150,11,-1
44,154,144,-1
44,102,55,-1
45,151,9,1
45,250,119,1
45,82,69,1
45,80,24,1
45,61,6,1
45,134,156,1
45,162,13,1
45,150,63,1
45,102,6,1
45,101,48,1
45,248,24,1
46,118,9,-1
46,114,222,-1
46,92,36,-1
46,234,14,-1
46,40,10,-1
46,237,114,-1
46,38,8,-1
46,238,8,-1
46,241,5,-1
46,147,5,-1
46,105,29,-1
47,132,18,1
47,181,6,1
47,32,10,1
47,65,45,1
47,139,10,1
47,225,92,1
47,161,22,1
47,107,27,1
47,86,11,1
47,111,41,1
47,61,22,1
47,75,41,1
47,110,42,1
47,162,35,1
47,48,35,1
47,213,53,1
48,55,9,1
48,139,14,1
48,149,5,1
48,225,14,1
48,245,16,1
48,108,13,1
48,42,11,1
48,61,16,1
48,176,37,1
48,75,5,1
48,251,116,1
48,162,12,1
49,64,29,-1
49,50,7,-1
49,177,7,-1
49,94,27,-1
49,165,8,-1
49,76,7,-1
49,122,38,-1
49,35,7,-1
49,112,20,-1
49,121,5,-1
49,67,9,-1
49,216,16,-1
50,128,38,1
50,245,9,1
50,199,17,1
50,38,47,1
50,76,16,1
50,251,18,1
50,196,9,1
51,16,11,-1
51,20,9,-1
51,170,5,-1
51,37,21,-1
51,106,8,-1
51,120,14,-1
51,92,28,-1
51,234,5,-1
51,28,6,-1
51,237,10,-1
51,232,12,-1
51,18,6,-1
51,38,28,-1
51,17,5,-1
51,24,7,-1
51,62,19,-1
51,233,32,-1
51,25,6,-1
51,235,34,-1
51,46,41,-1
52,53,257,1
52,131,11,1
52,133,208,1
53,253,34,1
53,228,196,1
53,150,6,1
53,101,25,1
53,248,75,1
54,55,11,1
54,68,7,1
54,171,5,1
54,165,5,1
54,81,5,1
54,125,21,1
54,90,12,1
54,184,6,1
54,67,31,1
54,216,9,1
54,70,11,1
55,181,50,-1
55,65,49,-1
55,56,16,-1
55,161,100,-1
55,86,7,-1
55,111,53,-1
55,75,74,-1
55,210,9,-1
55,153,11,-1
55,110,5,-1
55,213,9,-1
56,161,6,1
56,107,5,1
56,86,44,1
56,228,23,1
56,220,7,1
56,203,7,1
56,124,10,1
56,53,151,1
56,201,17,1
56,248,56,1
56,52,10,1
56,249,6,1
57,16,5,-1
57,37,24,-1
57,23,9,-1
57,120,15,-1
57,30,7,-1
57,22,7,-1
57,92,9,-1
57,234,9,-1
57,93,7,-1
57,237,16,-1
57,232,51,-1
57,18,11,-1
57,38,32,-1
57,27,8,-1
57,21,12,-1
57,239,24,-1
57,17,5,-1
57,24,6,-1
57,62,63,-1
57,31,6,-1
57,167,10,-1
57,238,17,-1
57,46,7,-1
58,194,7,-1
58,165,7,-1
58,119,12,-1
58,207,11,-1
58,148,7,-1
58,59,8,-1
58,104,5,-1
58,130,17,-1
59,198,12,1
59,37,44,1
59,208,6,1
59,207,20,1
59,242,6,1
59,140,47,1
59,249,11,1
60,132,9,1
60,61,11,1
60,162,8,1
60,196,5,1
61,132,31,-1
61,181,5,-1
61,139,12,-1
61,245,10,-1
61,86,7,-1
61,244,15,-1
61,45,13,-1
61,75,5,-1
61,203,14,-1
61,210,5,-1
61,251,14,-1
61,162,10,-1
61,243,14,-1
61,242,6,-1
61,201,5,-1
61,248,6,-1
61,249,37,-1
62,198,6,-1
62,95,5,-1
62,118,9,-1
62,37,5,-1
62,92,11,-1
62,40,28,-1
62,63,182,-1
62,237,6,-1
62,238,6,-1
62,241,158,-1
63,28,8,1
63,38,5,1
63,31,6,1
63,233,84,1
63,238,28,1
63,241,45,1
63,83,7,1
64,50,6,1
64,65,20,1
64,94,8,1
64,76,14,1
65,32,9,-1
65,161,7,-1
65,253,71,-1
65,228,18,-1
65,252,40,-1
65,188,8,-1
65,53,23,-1
66,254,36,-1
66,32,225,-1
66,65,22,-1
66,143,13,-1
66,36,5,-1
66,69,50,-1
66,252,108,-1
66,160,7,-1
66,174,15,-1
66,191,169,-1
66,188,117,-1
66,121,15,-1
66,53,12,-1
66,222,7,-1
66,33,217,-1
66,131,5,-1
66,91,35,-1
66,67,37,-1
66,130,75,-1
67,132,7,1
67,99,15,1
67,55,7,1
67,66,7,1
67,96,7,1
67,139,5,1
67,157,12,1
67,117,75,1
67,185,8,1
67,172,15,1
67,97,8,1
67,131,6,1
67,229,14,1
67,41,51,1
67,214,39,1
68,123,40,-1
68,99,19,-1
68,166,5,-1
68,143,13,-1
68,39,19,-1
68,69,178,-1
68,121,18,-1
68,91,173,-1
68,231,59,-1
69,254,429,-1
69,32,58,-1
69,96,7,-1
69,117,12,-1
69,253,218,-1
69,252,214,-1
69,187,6,-1
69,188,6,-1
69,33,77,-1
69,255,375,-1
69,91,7,-1
70,123,48,-1
70,99,45,-1
70,254,11,-1
70,143,6,-1
70,12,5,-1
70,39,15,-1
70,69,208,-1
70,90,6,-1
70,121,26,-1
70,217,6,-1
70,91,216,-1
70,229,5,-1
70,231,22,-1
71,72,23,1
71,234,6,1
71,105,25,1
72,73,5,-1
73,250,5,1
74,98,7,1
74,93,54,1
74,38,31,1
74,239,16,1
74,51,18,1
74,167,28,1
74,233,66,1
74,103,27,1
74,241,14,1
74,240,128,1
74,46,37,1
75,132,36,1
75,55,11,1
75,139,7,1
75,149,8,1
75,225,37,1
75,61,60,1
75,176,48,1
75,251,30,1
75,162,67,1
75,154,10,1
75,102,16,1
76,151,5,1
76,50,9,1
76,128,32,1
76,199,12,1
76,244,5,1
76,38,49,1
76,44,8,1
76,251,12,1
76,196,5,1
77,129,8,-1
77,245,84,-1
77,111,10,-1
77,244,86,-1
77,176,6,-1
77,190,8,-1
77,210,18,-1
77,110,7,-1
77,113,22,-1
77,243,79,-1
77,206,7,-1
77,242,81,-1
78,245,57,-1
78,244,98,-1
78,141,12,-1
78,176,53,-1
78,210,7,-1
78,251,6,-1
78,48,11,-1
78,243,104,-1
78,242,84,-1
79,82,6,-1
79,86,20,-1
79,228,123,-1
79,80,101,-1
79,203,25,-1
79,159,32,-1
79,100,7,-1
79,53,68,-1
79,226,12,-1
79,150,25,-1
79,133,7,-1
80,250,25,1
80,82,31,1
80,228,6,1
80,79,5,1
80,45,11,1
80,134,48,1
80,100,8,1
80,150,63,1
80,133,15,1
80,101,120,1
80,248,136,1
81,55,21,1
81,66,8,1
81,96,5,1
81,139,28,1
81,209,28,1
81,82,12,1
81,225,33,1
81,33,6,1
81,131,9,1
81,41,14,1
81,102,11,1
82,65,7,-1
82,250,61,-1
82,228,27,-1
82,80,15,-1
82,45,24,-1
82,53,7,-1
82,154,54,-1
82,102,15,-1
82,248,73,-1
83,250,11,-1
83,128,5,-1
83,40,11,-1
83,38,6,-1
83,251,105,-1
83,46,12,-1
84,32,6,1
84,180,7,1
84,223,12,1
84,184,6,1
84,222,48,1
84,142,6,1
84,168,8,1
84,213,6,1
84,85,85,1
85,32,58,-1
85,65,7,-1
85,96,15,-1
85,143,32,-1
85,68,24,-1
85,107,27,-1
85,253,5,-1
85,86,110,-1
85,47,98,-1
85,252,17,-1
85,223,15,-1
85,174,39,-1
85,188,6,-1
85,185,12,-1
85,153,11,-1
85,213,43,-1
85,131,23,-1
85,52,7,-1
86,161,7,1
86,61,10,1
86,203,20,1
86,249,55,1
87,204,135,1
87,88,28,1
87,217,14,1
87,135,77,1
88,89,70,-1
88,179,17,-1
88,219,16,-1
89,245,5,1
89,244,9,1
89,155,47,1
89,210,21,1
89,243,8,1
89,242,7,1
89,248,12,1
89,249,111,1
90,157,14,-1
90,117,8,-1
90,69,18,-1
90,54,8,-1
90,121,88,-1
90,172,18,-1
90,217,142,-1
90,91,13,-1
90,67,7,-1
91,254,190,-1
91,32,90,-1
91,65,20,-1
91,253,567,-1
91,69,7,-1
91,252,598,-1
91,187,9,-1
91,121,7,-1
91,53,6,-1
91,33,45,-1
91,255,130,-1
92,98,154,-1
92,128,313,-1
92,74,5,-1
92,38,177,-1
92,239,54,-1
92,34,197,-1
92,238,19,-1
92,83,22,-1
92,46,234,-1
93,158,39,1
93,182,28,1
93,78,7,1
93,233,6,1
93,113,14,1
93,150,6,1
93,248,96,1
94,64,5,1
94,50,7,1
94,65,14,1
94,76,6,1
95,37,9,-1
95,92,15,-1
95,62,13,-1
95,201,14,-1
95,140,9,-1
95,249,98,-1
96,166,7,1
96,225,5,1
96,253,72,1
96,185,10,1
96,255,32,1
96,217,7,1
96,91,8,1
97,123,5,1
97,254,117,1
97,151,29,1
97,36,8,1
97,253,63,1
97,176,9,1
97,122,8,1
97,159,73,1
97,255,126,1
98,236,83,1
98,118,6,1
98,170,7,1
98,37,22,1
98,106,51,1
98,57,17,1
98,74,10,1
98,232,55,1
98,34,8,1
98,62,19,1
98,138,27,1
98,235,15,1
99,123,18,-1
99,254,236,-1
99,253,24,-1
99,69,7,-1
99,33,6,-1
99,255,172,-1
99,213,9,-1
99,91,5,-1
100,228,18,-1
100,80,141,-1
100,79,90,-1
100,175,14,-1
100,150,5,-1
100,133,24,-1
100,101,13,-1
100,248,5,-1
101,250,226,-1
101,149,66,-1
101,211,8,-1
101,108,8,-1
101,176,20,-1
101,134,78,-1
101,251,5,-1
101,154,78,-1
102,99,5,1
102,250,99,1
102,82,8,1
102,134,33,1
102,44,7,1
102,255,27,1
102,154,239,1
103,236,6,-1
103,37,15,-1
103,120,13,-1
103,30,5,-1
103,92,27,-1
103,234,5,-1
103,237,9,-1
103,232,7,-1
103,29,7,-1
103,38,26,-1
103,27,6,-1
103,21,7,-1
103,62,7,-1
103,167,5,-1
103,233,39,-1
103,25,5,-1
103,241,9,-1
103,235,22,-1
103,46,48,-1
104,236,53,1
104,170,27,1
104,37,22,1
104,127,6,1
104,120,44,1
104,234,149,1
104,232,67,1
104,193,7,1
104,105,85,1
105,198,8,-1
105,236,34,-1
105,37,6,-1
105,120,44,-1
105,234,27,-1
105,74,18,-1
105,237,38,-1
105,232,72,-1
105,62,12,-1
105,138,20,-1
105,251,37,-1
105,200,19,-1
105,235,8,-1
105,104,5,-1
106,250,109,1
106,244,7,1
106,173,47,1
106,77,15,1
107,65,5,1
107,96,13,1
107,68,13,1
107,86,8,1
107,108,21,1
107,174,15,1
107,185,7,1
107,124,8,1
107,153,7,1
107,53,35,1
107,110,38,1
107,213,6,1
107,131,5,1
107,52,6,1
107,85,9,1
108,194,6,-1
108,161,12,-1
108,107,40,-1
108,228,5,-1
108,80,7,-1
108,160,8,-1
108,203,5,-1
108,124,31,-1
108,53,9,-1
108,110,61,-1
108,101,17,-1
108,248,14,-1
108,52,6,-1
109,153,14,-1
109,110,10,-1
109,213,19,-1
110,181,8,1
110,65,7,1
110,86,5,1
110,111,5,1
110,210,6,1
110,53,54,1
110,101,6,1
110,248,21,1
111,181,73,1
111,55,5,1
111,161,6,1
111,42,14,1
111,155,6,1
111,210,42,1
111,124,13,1
111,153,8,1
111,110,15,1
111,242,11,1
111,249,142,1
112,50,10,1
112,76,9,1
112,113,5,1
113,126,8,1
113,244,6,1
113,228,38,1
113,220,11,1
113,155,57,1
113,203,6,1
113,62,8,1
113,210,100,1
113,133,14,1
113,248,64,1
113,249,138,1
114,236,14,1
114,106,5,1
114,120,12,1
114,234,48,1
114,237,43,1
114,232,109,1
114,18,6,1
114,17,5,1
114,193,5,1
115,166,12,1
115,187,14,1
115,215,7,1
115,217,5,1
115,97,11,1
115,116,166,1
116,126,6,1
116,169,8,1
116,253,195,1
116,252,143,1
116,210,7,1
116,255,40,1
116,133,57,1
117,254,18,1
117,253,12,1
117,191,38,1
117,185,5,1
117,33,73,1
117,255,26,1
117,102,36,1
118,198,6,-1
118,37,33,-1
118,202,9,-1
118,120,5,-1
118,92,41,-1
118,234,8,-1
118,40,129,-1
118,93,12,-1
118,63,19,-1
118,237,21,-1
118,232,24,-1
118,38,45,-1
118,239,22,-1
118,34,5,-1
118,62,32,-1
118,167,6,-1
118,233,9,-1
118,238,9,-1
118,241,44,-1
118,46,15,-1
119,192,10,1
119,32,6,1
119,171,31,1
119,177,7,1
119,69,5,1
119,165,19,1
119,81,6,1
119,125,5,1
119,90,44,1
119,174,7,1
119,184,71,1
119,142,18,1
119,67,14,1
120,236,9,1
120,170,13,1
120,57,5,1
120,232,15,1
120,233,29,1
120,240,6,1
121,132,46,-1
121,192,86,-1
121,55,28,-1
121,66,23,-1
121,96,11,-1
121,139,22,-1
121,68,13,-1
121,157,13,-1
121,253,6,-1
121,90,5,-1
121,185,39,-1
121,172,8,-1
121,33,24,-1
121,255,53,-1
121,217,7,-1
121,97,12,-1
121,131,7,-1
121,41,36,-1
121,67,48,-1
121,70,39,-1
122,123,42,1
122,99,12,1
122,151,26,1
122,64,15,1
122,50,13,1
122,36,19,1
122,94,13,1
122,163,6,1
122,76,10,1
122,79,21,1
122,44,27,1
122,159,21,1
123,99,35,1
123,254,448,1
123,151,32,1
123,96,5,1
123,36,6,1
123,253,7,1
123,69,13,1
123,252,7,1
123,159,12,1
123,33,7,1
123,255,47,1
123,91,8,1
123,41,8,1
124,250,7,-1
124,108,35,-1
124,45,10,-1
124,134,29,-1
124,154,8,-1
124,102,11,-1
125,192,15,1
125,55,14,1
125,126,5,1
125,96,18,1
125,139,33,1
125,42,6,1
125,152,15,1
125,185,9,1
125,153,11,1
125,217,5,1
125,97,11,1
125,229,111,1
126,132,19,1
126,145,19,1
126,224,5,1
126,250,130,1
126,149,84,1
126,245,7,1
126,243,5,1
126,196,14,1
127,145,6,1
127,236,23,1
127,118,20,1
127,37,15,1
127,250,8,1
127,149,31,1
127,120,8,1
127,234,12,1
127,62,62,1
127,251,15,1
127,193,6,1
127,243,6,1
127,235,9,1
127,46,7,1
127,105,9,1
128,95,29,-1
128,114,30,-1
128,106,5,-1
128,129,61,-1
128,237,48,-1
128,190,54,-1
128,189,63,-1
129,155,7,1
129,210,5,1
129,243,10,1
129,242,9,1
129,101,22,1
129,249,41,1
130,66,58,1
130,96,8,1
130,157,30,1
130,86,5,1
130,47,11,1
130,42,6,1
130,160,11,1
130,187,70,1
130,59,5,1
130,213,5,1
130,131,53,1
130,41,8,1
130,116,12,1
130,231,11,1
131,132,69,1
131,99,8,1
131,55,17,1
131,139,14,1
131,209,21,1
131,68,7,1
131,169,5,1
131,86,79,1
131,69,12,1
131,42,55,1
131,175,17,1
131,153,25,1
131,53,12,1
131,213,10,1
131,91,5,1
131,67,6,1
131,231,8,1
131,102,23,1
131,52,18,1
131,130,14,1
132,61,111,1
132,251,73,1
132,162,86,1
132,206,7,1
133,82,7,1
133,79,5,1
133,176,15,1
133,134,84,1
133,154,18,1
134,228,53,-1
134,80,6,-1
134,155,73,-1
134,210,18,-1
134,113,6,-1
134,101,75,-1
134,248,244,-1
135,136,33,-1
136,230,34,-1
136,173,11,-1
136,137,72,-1
136,196,21,-1
136,206,5,-1
137,158,9,1
137,161,41,1
137,155,84,1
137,203,16,1
137,78,5,1
137,113,22,1
137,101,13,1
137,201,10,1
137,248,142,1
137,249,11,1
138,236,92,1
138,170,41,1
138,106,6,1
138,120,9,1
138,234,5,1
138,93,5,1
138,237,7,1
138,167,7,1
138,240,42,1
139,82,5,-1
139,93,8,-1
139,228,82,-1
139,210,5,-1
139,154,29,-1
139,249,6,-1
140,211,47,-1
140,63,19,-1
140,29,5,-1
140,141,73,-1
140,241,76,-1
140,83,36,-1
141,149,8,1
141,244,5,1
141,134,10,1
141,251,18,1
141,243,7,1
141,242,8,1
142,166,90,-1
142,65,16,-1
142,143,133,-1
142,157,51,-1
142,69,20,-1
142,223,8,-1
142,187,14,-1
142,121,10,-1
142,91,19,-1
143,166,8,-1
143,32,28,-1
143,66,52,-1
143,96,35,-1
143,68,44,-1
143,157,53,-1
143,171,10,-1
143,253,56,-1
143,86,31,-1
143,223,7,-1
143,42,28,-1
143,187,9,-1
143,185,19,-1
143,153,18,-1
143,255,7,-1
143,142,8,-1
143,168,7,-1
143,213,63,-1
143,131,8,-1
143,41,29,-1
143,116,10,-1
143,52,6,-1
143,85,75,-1
143,70,5,-1
143,130,43,-1
144,145,43,-1
144,28,8,-1
144,27,5,-1
144,24,15,-1
144,241,14,-1
145,250,324,-1
145,149,57,-1
145,176,18,-1
145,75,21,-1
145,251,34,-1
145,196,6,-1
145,226,14,-1
146,118,7,1
146,37,20,1
146,149,15,1
146,234,7,1
146,62,22,1
146,251,10,1
146,235,12,1
147,38,5,-1
147,251,11,-1
147,240,6,-1
148,99,7,1
148,254,93,1
148,96,16,1
148,68,6,1
148,253,127,1
148,252,175,1
148,79,13,1
148,44,6,1
148,185,12,1
148,53,5,1
148,255,61,1
148,231,13,1
148,70,6,1
149,86,47,-1
149,228,32,-1
149,80,5,-1
149,155,10,-1
149,203,43,-1
149,78,9,-1
149,113,32,-1
149,101,5,-1
149,248,165,-1
149,249,56,-1
150,250,87,-1
150,228,33,-1
150,80,6,-1
150,45,18,-1
150,134,5,-1
150,53,5,-1
150,154,29,-1
150,102,5,-1
150,248,61,-1
151,228,15,1
151,210,6,1
151,53,11,1
151,133,5,1
151,101,36,1
152,66,5,1
152,65,8,1
152,96,25,1
152,139,10,1
152,163,6,1
152,125,11,1
152,42,8,1
152,148,6,1
152,185,21,1
152,153,28,1
152,229,27,1
152,116,12,1
152,85,14,1
153,228,9,-1
153,176,12,-1
153,251,9,-1
153,154,102,-1
154,250,5,1
154,82,45,1
154,228,6,1
154,176,6,1
154,45,6,1
154,134,10,1
154,251,81,1
154,150,43,1
154,102,5,1
155,132,45,-1
155,250,164,-1
155,149,14,-1
155,156,13,-1
155,77,9,-1
155,251,29,-1
155,196,5,-1
155,206,22,-1
155,154,27,-1
156,149,5,-1
156,245,53,-1
156,244,49,-1
156,243,33,-1
156,242,23,-1
157,218,16,1
157,158,77,1
157,143,9,1
157,173,13,1
157,223,8,1
158,181,5,-1
158,126,13,-1
158,157,6,-1
158,161,6,-1
158,182,6,-1
158,93,36,-1
158,86,5,-1
158,244,11,-1
158,228,7,-1
158,155,19,-1
158,203,8,-1
158,195,6,-1
158,59,5,-1
158,78,5,-1
158,113,25,-1
158,242,9,-1
158,133,32,-1
158,248,213,-1
159,228,115,1
159,79,5,1
159,122,6,1
159,53,14,1
159,133,15,1
159,248,39,1
160,32,67,1
160,161,14,1
160,79,26,1
160,175,11,1
160,174,18,1
160,153,16,1
160,53,6,1
160,131,17,1
160,41,8,1
160,231,7,1
160,52,16,1
161,181,20,1
161,86,31,1
161,228,6,1
161,42,14,1
161,155,10,1
161,203,19,1
161,210,73,1
161,53,20,1
161,248,6,1
161,249,34,1
162,132,26,-1
162,139,12,-1
162,245,11,-1
162,244,8,-1
162,155,11,-1
162,61,11,-1
162,45,7,-1
162,75,11,-1
162,203,17,-1
162,251,6,-1
162,243,14,-1
162,242,15,-1
162,248,18,-1
162,249,34,-1
163,123,6,-1
163,32,6,-1
163,164,65,-1
163,169,9,-1
163,4,6,-1
163,1,7,-1
163,115,22,-1
163,7,5,-1
163,152,16,-1
163,3,5,-1
163,5,7,-1
163,2,16,-1
164,32,51,1
164,66,21,1
164,39,7,1
164,252,51,1
164,163,71,1
164,115,31,1
164,79,8,1
164,148,6,1
164,41,8,1
165,166,12,1
165,218,20,1
165,66,5,1
165,182,24,1
165,177,7,1
165,217,5,1
165,41,18,1
166,181,9,-1
166,32,170,-1
166,66,7,-1
166,65,10,-1
166,96,29,-1
166,68,45,-1
166,253,18,-1
166,86,6,-1
166,47,24,-1
166,252,138,-1
166,187,5,-1
166,185,27,-1
166,153,7,-1
166,53,19,-1
166,168,10,-1
166,213,31,-1
166,41,12,-1
166,52,5,-1
166,70,20,-1
167,236,9,1
167,170,16,1
167,120,24,1
167,232,28,1
168,166,6,-1
168,32,49,-1
168,143,29,-1
168,68,50,-1
168,169,28,-1
168,4,6,-1
168,58,9,-1
168,212,5,-1
168,174,100,-1
168,3,6,-1
168,222,37,-1
168,0,17,-1
168,5,7,-1
168,116,10,-1
168,6,14,-1
168,70,17,-1
169,123,30,-1
169,254,54,-1
169,151,16,-1
169,253,9,-1
169,252,8,-1
169,115,6,-1
169,122,9,-1
169,44,13,-1
169,33,7,-1
169,255,33,-1
170,236,12,1
170,120,22,1
170,93,6,1
170,232,7,1
170,167,9,1
170,233,74,1
170,235,8,1
170,240,26,1
171,10,18,-1
171,143,14,-1
171,157,19,-1
171,4,6,-1
171,1,7,-1
171,212,20,-1
171,9,13,-1
171,223,7,-1
171,3,5,-1
171,121,14,-1
171,172,11,-1
171,5,5,-1
171,67,34,-1
171,2,8,-1
171,6,44,-1
171,216,7,-1
171,130,52,-1
172,158,7,1
172,173,44,1
172,178,9,1
172,121,5,1
173,132,5,-1
173,151,48,-1
173,50,5,-1
173,106,25,-1
173,250,209,-1
173,149,8,-1
173,245,8,-1
173,136,31,-1
173,137,43,-1
173,162,9,-1
173,243,9,-1
173,154,20,-1
174,32,8,1
174,66,15,1
174,47,23,1
174,42,30,1
174,160,10,1
174,175,81,1
174,153,14,1
174,53,7,1
174,131,46,1
174,41,9,1
174,52,7,1
175,132,10,1
175,192,7,1
175,96,6,1
175,139,80,1
175,176,50,1
175,159,11,1
175,153,8,1
175,154,7,1
176,37,51,-1
176,250,11,-1
176,149,108,-1
176,129,9,-1
176,245,5,-1
176,211,34,-1
176,111,15,-1
176,244,7,-1
176,80,12,-1
176,155,11,-1
176,141,11,-1
176,45,41,-1
176,134,45,-1
176,190,8,-1
176,203,20,-1
176,195,13,-1
176,251,141,-1
176,48,32,-1
176,243,12,-1
176,196,109,-1
176,242,6,-1
176,101,8,-1
176,249,20,-1
177,218,18,1
177,182,28,1
177,165,5,1
177,178,17,1
177,217,5,1
177,41,10,1
178,179,37,-1
178,219,26,-1
179,224,9,1
179,158,10,1
179,89,6,1
179,78,7,1
179,113,14,1
179,248,62,1
180,181,18,1
180,111,5,1
181,158,8,1
181,245,11,1
181,244,7,1
181,113,23,1
181,243,10,1
181,242,12,1
181,249,61,1
182,198,6,-1
182,246,111,-1
182,93,8,-1
182,183,42,-1
182,247,226,-1
182,206,6,-1
183,198,7,1
183,158,7,1
183,228,89,1
183,80,25,1
183,249,142,1
184,192,87,1
184,204,7,1
184,185,14,1
184,172,6,1
185,123,7,1
185,192,5,1
185,166,14,1
185,254,5,1
185,253,51,1
185,69,5,1
185,148,7,1
185,255,20,1
185,217,6,1
185,70,7,1
186,236,89,1
186,37,11,1
186,127,9,1
186,57,13,1
186,237,10,1
186,38,8,1
186,200,18,1
186,240,57,1
187,32,134,1
187,65,50,1
187,253,55,1
187,252,53,1
187,188,57,1
187,185,6,1
187,53,56,1
187,133,16,1
188,254,5,-1
188,32,6,-1
188,66,111,-1
188,65,5,-1
188,252,172,-1
188,191,5,-1
188,109,5,-1
188,41,51,-1
188,116,15,-1
188,231,5,-1
188,133,9,-1
189,37,15,1
189,106,61,1
189,246,18,1
189,129,9,1
189,92,36,1
189,190,12,1
190,245,6,1
190,243,9,1
190,242,11,1
190,249,29,1
191,123,23,-1
191,192,5,-1
191,254,155,-1
191,66,63,-1
191,109,5,-1
191,97,15,-1
191,41,106,-1
192,132,115,-1
192,254,20,-1
192,139,15,-1
192,68,12,-1
192,81,51,-1
192,61,16,-1
192,75,7,-1
192,185,20,-1
192,121,27,-1
192,33,38,-1
192,255,6,-1
192,162,29,-1
192,48,7,-1
192,213,5,-1
192,70,20,-1
193,236,19,1
193,114,5,1
193,170,5,1
193,37,9,1
193,127,5,1
193,149,8,1
193,120,8,1
193,234,23,1
193,237,7,1
193,232,9,1
193,155,6,1
193,62,48,1
193,251,5,1
193,235,12,1
194,151,15,1
194,207,6,1
194,195,33,1
194,133,106,1
195,145,105,1
195,250,68,1
195,149,140,1
195,245,6,1
195,173,7,1
195,176,5,1
195,134,5,1
195,77,5,1
195,75,7,1
195,251,8,1
195,242,5,1
196,230,8,1
196,250,55,1
196,173,12,1
196,137,17,1
196,206,13,1
197,198,35,1
197,20,5,1
197,37,6,1
197,186,5,1
197,200,13,1
198,118,13,1
198,158,6,1
198,228,14,1
198,203,64,1
198,183,55,1
198,248,79,1
199,128,5,1
199,251,31,1
200,198,79,1
200,37,156,1
200,186,6,1
200,74,13,1
200,155,16,1
200,62,53,1
200,201,23,1
200,140,31,1
200,105,123,1
201,202,19,-1
201,155,6,-1
201,249,395,-1
201,105,5,-1
202,155,26,1
202,38,19,1
202,113,13,1
202,240,5,1
202,201,8,1
202,249,5,1
202,46,19,1
203,158,6,1
203,86,5,1
203,228,85,1
203,79,10,1
203,124,5,1
203,53,46,1
203,133,5,1
203,101,18,1
203,248,105,1
203,249,13,1
204,166,7,-1
204,87,18,-1
204,205,82,-1
204,217,10,-1
205,204,7,1
205,136,14,1
205,67,9,1
205,206,26,1
206,245,9,1
206,244,14,1
206,228,7,1
206,173,8,1
206,155,43,1
206,45,19,1
206,210,38,1
206,162,6,1
206,113,70,1
206,243,14,1
206,242,23,1
206,201,18,1
206,248,55,1
206,249,77,1
207,198,10,1
207,37,66,1
207,106,8,1
207,208,12,1
207,79,14,1
207,44,9,1
207,59,11,1
207,140,71,1
208,140,12,1
208,249,27,1
209,96,6,1
209,86,14,1
209,210,55,1
209,153,70,1
209,85,28,1
210,181,6,-1
210,149,41,-1
210,129,28,-1
210,211,19,-1
210,111,34,-1
210,80,50,-1
210,155,110,-1
210,38,49,-1
210,45,8,-1
210,134,18,-1
210,190,9,-1
210,203,22,-1
210,251,22,-1
210,48,9,-1
210,113,5,-1
210,196,49,-1
210,242,11,-1
210,101,17,-1
210,248,16,-1
210,249,148,-1
211,149,10,1
211,245,9,1
211,141,5,1
211,176,8,1
211,134,54,1
211,251,35,1
211,162,5,1
212,39,9,1
212,171,5,1
212,177,8,1
212,58,17,1
212,165,10,1
212,49,6,1
212,160,5,1
212,119,18,1
212,67,7,1
212,6,15,1
212,130,27,1
213,166,18,1
213,96,9,1
213,107,14,1
213,253,31,1
213,86,11,1
213,185,8,1
213,153,17,1
213,110,24,1
213,255,19,1
213,217,49,1
214,117,8,1
214,115,11,1
214,187,8,1
214,215,29,1
215,252,144,1
215,188,7,1
215,168,27,1
215,231,52,1
216,169,10,1
216,171,47,1
216,177,9,1
216,165,6,1
216,81,23,1
216,223,11,1
216,90,11,1
216,152,5,1
216,222,59,1
216,33,9,1
216,142,47,1
216,67,8,1
216,85,5,1
216,130,12,1
217,132,7,-1
217,254,81,-1
217,66,16,-1
217,96,30,-1
217,139,8,-1
217,68,32,-1
217,117,9,-1
217,253,6,-1
217,61,5,-1
217,35,19,-1
217,185,40,-1
217,33,131,-1
217,255,16,-1
217,162,15,-1
217,213,5,-1
217,41,7,-1
217,102,17,-1
217,70,59,-1
218,179,14,-1
218,219,40,-1
219,230,8,1
219,250,46,1
219,173,12,1
219,77,11,1
220,173,61,-1
220,136,11,-1
220,61,26,-1
220,221,65,-1
220,77,35,-1
220,219,78,-1
220,162,27,-1
220,226,5,-1
221,250,67,1
221,220,6,1
221,61,7,1
221,77,80,1
221,219,5,1
222,171,9,1
222,223,50,1
222,152,5,1
222,185,7,1
222,85,116,1
223,166,47,1
223,224,5,1
223,107,15,1
223,85,5,1
224,250,7,1
224,149,25,1
224,244,7,1
224,251,151,1
224,196,5,1
224,154,20,1
225,132,49,-1
225,192,18,-1
225,96,6,-1
225,139,79,-1
225,108,28,-1
225,47,11,-1
225,81,8,-1
225,176,5,-1
225,185,5,-1
225,124,52,-1
225,251,7,-1
225,48,42,-1
225,229,14,-1
226,158,47,-1
226,179,86,-1
226,227,28,-1
226,182,17,-1
226,228,8,-1
226,203,5,-1
226,78,45,-1
227,179,8,1
227,78,50,1
227,150,5,1
227,248,62,1
228,82,30,1
228,183,5,1
228,150,34,1
228,154,10,1
228,101,6,1
228,248,5,1
228,249,79,1
229,230,15,-1
229,136,8,-1
229,61,10,-1
229,75,6,-1
229,162,11,-1
229,217,28,-1
230,89,13,1
230,228,27,1
230,155,42,1
230,113,24,1
230,201,6,1
230,248,8,1
230,249,127,1
231,65,11,-1
231,143,10,-1
231,39,22,-1
231,253,253,-1
231,252,267,-1
231,188,5,-1
231,255,21,-1
231,91,13,-1
232,236,5,0
232,170,5,0
232,120,6,0
232,234,5,0
234,182,13,1
234,232,8,1
234,138,5,1
234,235,5,1
234,133,20,1
234,105,5,1
235,236,50,1
235,20,6,1
235,170,175,1
235,37,11,1
235,127,5,1
235,120,34,1
235,74,31,1
235,62,6,1
235,19,5,1
235,138,169,1
235,193,8,1
235,133,5,1
236,170,6,1
236,182,6,1
236,234,8,1
236,232,6,1
237,151,8,1
237,77,35,1
238,151,27,1
238,239,7,1
238,233,5,1
239,98,19,1
239,93,9,1
239,28,5,1
239,34,27,1
239,167,100,1
239,103,5,1
239,238,5,1
239,240,46,1
239,46,5,1
240,151,7,1
240,93,5,1
240,167,8,1
240,233,6,1
241,182,15,1
241,77,14,1
241,78,27,1
241,103,5,1
241,144,5,1
241,26,8,1
242,250,8,1
242,82,16,1
242,245,8,1
242,176,51,1
242,210,12,1
243,250,18,1
243,149,7,1
243,82,10,1
243,245,8,1
243,244,7,1
243,176,51,1
243,210,12,1
243,78,5,1
244,89,17,1
244,245,5,1
244,176,9,1
244,210,55,1
244,243,6,1
244,150,8,1
244,242,9,1
245,89,18,1
245,82,12,1
245,244,9,1
245,176,14,1
245,210,55,1
245,150,5,1
245,242,5,1
245,248,11,1
246,158,19,1
246,65,9,1
246,182,34,1
246,228,68,1
246,155,7,1
246,249,31,1
247,149,8,1
247,245,5,1
247,173,17,1
247,251,42,1
247,154,90,1
248,155,5,1
248,210,6,1
248,101,7,1
249,228,23,1
250,145,5,1
250,134,18,1
251,149,5,1
251,176,15,1
251,154,22,1
252,32,7,1
252,188,5,1
252,91,6,1
253,91,8,0
254,123,6,-1
254,99,7,-1
254,191,5,-1
254,33,14,-1
254,255,12,-1
255,254,10,0
255,253,11,0
255,69,6,0
255,33,6,0
